<configuration>
    <property name="LOG_PATTERN" value="%d{yyyy-MM-dd HH:mm:ss} %-5level [%thread] %logger{36} - %msg%n" />

    <appender name="CONSOLE" class="ch.qos.logback.core.ConsoleAppender">
        <encoder>
            <pattern>${LOG_PATTERN}</pattern>
        </encoder>
    </appender>

    <appender name="FILE" class="ch.qos.logback.core.rolling.RollingFileAppender">
        <!-- Usa una ruta relativa para el archivo de log -->
        <file>src/logs/app.log</file>

        <rollingPolicy class="ch.qos.logback.core.rolling.TimeBasedRollingPolicy">
            <!-- Usa una ruta relativa para el archivo de log rotado -->
            <fileNamePattern>src/logs/app-%d{yyyy-MM-dd}.log</fileNamePattern>
            <maxHistory>30</maxHistory>
        </rollingPolicy>

        <encoder>
            <pattern>${LOG_PATTERN}</pattern>
        </encoder>
    </appender>

    <root level="debug">
        <appender-ref ref="CONSOLE" />
        <appender-ref ref="FILE" />
    </root>
</configuration>